No,Destination Name,Address,Subdistrict,Regency,Latitude,Longitude,Rating,Google Reviews (Count),Category,Source
,Ayung Terrace,"Sayan, Ubud, Gianyar, Bali 80571",Ubud,Gianyar,-8.5014494,115.2423579,46,102,Restaurant,https://bit.ly/3Kl6G8G
,The Swept Away Restaurant Ubud by The Samaya Ubud,Jl. Baung,Ubud,Gianyar,-8.51382,115.2371242,47,524,Western,https://bit.ly/3VgW3cZ
,Gong Jatiluwih,Jl. Jatiluwih Kawan No.88,Tabanan,Tabanan,-8.3668957,115.1299438,43,2652,Restaurant,https://bit.ly/3wRAqXs
,The Shed Bali,Jl. Bangkiang Sidem No.8x,Ubud,Gianyar,-8.4831335,115.2580717,47,426,Restaurant,https://bit.ly/3KjBIxu
,Sawah Terrace,Jl. Raya Kedewatan,Ubud,Gianyar,-8.486377,115.242404,49,159,Restaurant,https://bit.ly/3VgObIw
,Tropical Restaurant Ubud,Jl. Monkey Forest No.03,Ubud,Gianyar,-8.5075441,115.2620626,46,2477,Restaurant,https://bit.ly/4aHucHs
,Laka Leke Restaurant,Jl. Nyuh Bojog No.32,Ubud,Gianyar,-8.5202716,115.2574513,46,2561,Balinese restaurant,https://bit.ly/3VhtKv8
,Ketela Eatery & Lifestyle,Jl. Pantai Batu Bolong No.25 C,Kuta,Badung,-8.646468,115.139763,49,713,Restaurant,https://bit.ly/4aD2Rq1
,Labak Sari Restaurant,"Jl. Tirta Tawar, Br. Abangan, 80571, Ubud 80571",Ubud,Gianyar,-8.4683069,115.2698459,47,698,Balinese restaurant,https://bit.ly/3Vguqki
,Embers Restaurant,Jl. Bisma No.97,Ubud,Gianyar  ,29.6106997,-98.4807963,45,150,Restaurant,https://bit.ly/4aSOMoF
,Terracotta Restaurant Ubud,Jl. Raya Lungsiakan,Ubud,Gianyar,-8.4860663,115.2488938,45,244,Restaurant,https://bit.ly/4aFg8hR
,Casa Luna,Jl. Raya Ubud,Ubud,Gianyar,29.6755476,-95.1721122,44,1543,Balinese restaurant,https://bit.ly/3VjU4oB
,Lembah Ayung Restaurant at Pramana Watu Kurung Resort,"Banjar Bunutan, Jl. Batu Kurung I",Banjar,Buleleng,-8.4713067,115.2439214,48,48,Restaurant,https://bit.ly/3VfI7A9
,T'dung Restaurant Pool & Bar,"Kenderan, Tegallalang, Gianyar, Bali 80552",Ubud,Gianyar,-8.4737548,115.285478,48,67,Restaurant,https://bit.ly/3VhEfyF
,Kepitu Restaurant,"Banjar Bresela Desa Bresela, Payangan",Ubud,Gianyar,-8.4760363,115.2807956,44,85,Restaurant,https://bit.ly/4dUDMtr
,Breeze at The Samaya Seminyak,Jl. Laksmana,Kuta,Badung,-8.6830616,115.153281,44,718,Western,https://bit.ly/3yK7gKh
,The Restaurant at The Legian Seminyak,Jl. Kayu Aya,Kuta,Badung,-8.6843561,115.1533328,46,244,Western,https://bit.ly/4aFgMfh
,Bumi Bali Restaurant,Jl. Monkey Forest,Ubud,Gianyar,-8.5115412,115.2612453,42,227,Balinese restaurant,https://bit.ly/4aFgViP
,Kilo Kitchen Bali - Seminyak,Jl. Drupadi No.22,Kuta,Badung,-8.6859496,115.1646784,46,2319,Fusion restaurant,https://bit.ly/3ViR4ZE
,The Kelusa at Samsara Ubud,"Banjar Ayah No.Desa, Kelusa, Payangan, Gianyar, Bali 80572",Banjar,Buleleng,-8.4295066,115.2587789,47,22,Restaurant,https://bit.ly/4e09aGQ
,Melali Ubud,Jl. Sri Wedari No.58,Ubud,Gianyar,-8.4847951,115.2670134,47,647,Restaurant,https://bit.ly/3yLPfLF
,Watercress,Jl. Batu Belig No.21 A,Kuta Utara ,Badung ,37.758642,-97.455406,46,2224,Western,https://bit.ly/3wQ21IE
,Samiya Restaurant,Jl. Baturiti - Mekarsari,Baturiti,Tabanan,41.6015496,-87.375245,43,140,Restaurant,https://bit.ly/4aFDR1j
,Seasalt,Jl. Taman Ganesha Jl. Petitenget No.9,Kuta Utara ,Badung,44.9161065,-93.2108628,46,1540,Seafood,https://bit.ly/3yJOmTS
,La Lucciola,"Kerobokan, Jl. Kayu Aya",Kuta,Badung,-8.6828531,115.1520118,45,2389,Italian,https://bit.ly/451oXRQ
,"Bali Green Sunset - Cafe, Bar & Rice Field",Jl. Raya Sebali,Ubud,Gianyar,-8.4687436,115.2597771,47,246,Western,https://bit.ly/4bCMYkO
,Nook,Jl. Umalas 1 No.3,Kuta Utara ,Badung,36.3642869,-95.8370223,45,12062,Western,https://bit.ly/4521Re0
,Sakti Dining Room,Puri Ahimsa Banjar Baturning,Abiansemal,Badung,-8.5429778,115.2169484,45,55,Vegetarian,https://bit.ly/3WZoNbE
,Kubu at Mandapa,Jl. Raya Kedewatan,Banjar,Buleleng,-8.485701,115.2451022,48,393,Mediterranean,https://bit.ly/4bPk5lz
,Mamasan Bali,Jl. Raya Kerobokan No.135,Kuta,Badung,-8.682115,115.164686,45,3546,Asian,https://bit.ly/3yC9X0z
,"Pison, Ubud",Jl. Hanoman No.10X,Ubud,Gianyar,-8.5182718,115.2636307,45,4151,Restaurant,https://bit.ly/4bzWeG2
,Kepitu Restaurant,"Kenderan, Tegallalang, Gianyar, Bali 80561",Ubud,Gianyar,-8.4760363,115.2807956,47,72,Restaurant,https://bit.ly/451p5ki
,CasCades Restaurant,Jl. Lanyahan,Ubud,Gianyar,40.3830344,-105.5192671,47,359,Restaurant,https://bit.ly/44Vhtjn
,Tinos warung - East West Kitchen,Jl. Arjuna,Ubud,Gianyar,-8.5064027,115.2609704,46,807,Restaurant,https://bit.ly/4axlFa8
,Kaukau Restaurant Ubud,Jl. Katik Lantang,Ubud,Gianyar,-8.5222661,115.2528255,48,132,Restaurant,https://bit.ly/3wRuxtn
,Murni's Warung,Jl. Raya Ubud,Ubud,Gianyar,-8.5051184,115.2547196,45,1403,Restaurant,https://bit.ly/4dYnQGt
,Kunang-Kunang Restaurant,"Banjar Pinjul, Kenderan, Kec. Tegallalang, Kabupaten Gianyar, Bali 80561",Banjar,Buleleng,-8.4597403,115.2828573,46,37,Rice restaurant,https://bit.ly/3wTR2xQ
,Seminyak Kitchen,Jl. Camplung Tanduk No.103,Kuta,Badung,-8.691726,115.162374,46,248,Restaurant,https://bit.ly/4dWsKUq
,Wanara Spice,Jl. Bisma No.74,Ubud,Gianyar,-8.516666,115.2589677,46,196,Balinese restaurant,https://bit.ly/3wRuyNX
,Sweet Orange Warung,Jl. Kajeng,Ubud,Gianyar,-8.5005931,115.2600481,47,1933,Indonesian,https://bit.ly/3yLPlD1
,D Alas Warung Restaurant,Jl. Raya Pujung Kaja,Ubud,Gianyar,-8.4223646,115.2789232,44,1161,Restaurant,https://bit.ly/4e0SSxJ
,Wijaya Kusuma Restaurant,"JL. Begawan Giri , Melinggih Kelod, Payangan",Ubud,Gianyar,-8.449922,115.2347836,50,25,Restaurant,https://bit.ly/3R3HGGG
,Kaum Bali,Jl. Petitenget No.51B,Kuta,Badung,-8.6792024,115.1499884,48,1264,Indonesian,https://bit.ly/4dYaIkL
,Tsavo Lion Restaurant,"Serongga, Gianyar, Gianyar, Bali 80515",Ubud,Gianyar,-8.579047,115.344758,46,915,Buffet,https://bit.ly/4aFCqQi
,Boni Bali Restaurant,Jl. Pakudui,Ubud,Gianyar,-8.4260853,115.2801331,42,186,Balinese restaurant,https://bit.ly/4dUYFES
,Babi Guling Depot Betty,Jl. Perean Tengah,Banjar,Buleleng,-8.4094881,115.1973492,45,1703,Balinese restaurant,https://bit.ly/4ayoVBX
,This Is Bali - Balinese Food & Desserts,Jl. Gootama No.2,Ubud,Gianyar,-8.5081631,115.2642987,49,2535,Balinese restaurant,https://bit.ly/3yK7rVX
,Herbivore by Locavore,Jl. Dewisita No.10,Ubud,Gianyar,-8.5101745,115.2635252,45,1733,Fine Dining,https://bit.ly/3R49pHj
,Sorrento Mediterranean Restaurant,"ITDC Lot 1, Jl. Nusa Dua",Kuta,Badung,-8.798784,115.2323604,47,138,Mediterranean,https://bit.ly/4dW2868
,Padi Restaurant,"Jl Suweta, Ubud",Ubud,Gianyar,41.8841806,-88.2068338,43,4,Fusion restaurant,https://bit.ly/3R0LW9T
,The Grill at LUXE,Jl. Kajeng AT Juwuk Manis Ubud Kaja,Ubud,Gianyar,-8.4965132,115.2609909,47,347,Steak,https://bit.ly/4aFh31N
,BLANCO par Mandif,"Kompleks Museum Blanco, Jl. Raya Tjampuhan, Ubud",Ubud,Gianyar,-8.5053299,115.2543043,47,435,Restaurant,https://bit.ly/4aCh4Dt
,Sleeping Gajah Kitchen & Lounge,Banjar Tabola,Banjar,Buleleng,-8.4772845,115.4386131,49,422,Restaurant,https://bit.ly/4dQIKYh
,Ling-Ling's Bali,Jl. Petitenget No.43B,Kuta,Badung,-8.6740623,115.1574047,48,6595,Asian Fusion,https://bit.ly/4e8q46u
,Shrida Ubud Restaurant,Jl. Bisma,Ubud,Gianyar,-8.5161632,115.2580637,48,203,Restaurant,https://bit.ly/4dVA7vw
,Zest,Jl. Penestanan No.7,Kuta,Badung,32.8483701,-96.7876033,43,2559,Vegan,https://bit.ly/3yEFGyf
,Gooseberry Restaurant,Gg. Pirta,Kuta Selatan,Badung,38.5866028,-90.2314123,48,4886,Restaurant,https://bit.ly/4e049y4
,Merah Putih,Jalan Petitenget.100X Kerobokan Kelod,Kuta,Badung,-8.6767558,115.1545123,46,2408,Indonesian,https://bit.ly/4dWsTHs
,CHORA Mediterranean Restaurant & Bar,Jl. Bisma No.70,Ubud,Gianyar,-8.5117978,115.2583724,48,1582,Mediterranean,https://bit.ly/4e0SX4v
,Asian Spice Restaurant Bali,"Rama Residence Padma, Jl. Padma",Kuta,Badung,-8.7062845,115.168375,42,210,Asian,https://bit.ly/4dQKDUV
,The Elephant,"Hotel Taman Indrakila, Jl. Raya Sanggingan",Ubud,Gianyar,36.0918741,-95.9420866,45,864,Vegetarian,https://bit.ly/3VhBiOr
,Mozaic,Jl. Raya Sanggingan,Ubud,Gianyar,44.9500007,-93.2979202,46,1174,French,https://bit.ly/4dTVGwr
,Warung Umah Bali,Jl. Keliki Kawan,Ubud,Gianyar,-8.4465234,115.2580221,50,470,Balinese restaurant,https://bit.ly/4dTVNYT
,Watercress Ubud,Jl. Monkey Forest,Ubud,Gianyar,-8.5131112,115.2608741,47,2604,Restaurant,https://bit.ly/4dVAlCS
,Warung Taman Gemitir,"Jalan Raya Denpasar Singaraja, Banjar Pacung No.km.40",Banjar,Buleleng,-8.3374849,115.1876759,42,329,Nasi goreng restaurant,https://bit.ly/4dTVOfp
,Ibu Rai Restaurant,Jl. Monkey Forest No.72,Ubud,Gianyar,-8.5093617,115.2615927,43,1935,Asian,https://bit.ly/4dW2hXe
,Akar Ubud by K Club,"K Club, Jalan Raya Cebok, Kedisan",Ubud,Gianyar,-8.4419469,115.2864685,47,424,Restaurant,https://bit.ly/456i7KY
,Arcadia Restaurant,Jl. Raya Campuhan,Ubud,Gianyar,37.5827864,-90.6289877,50,517,Restaurant,https://bit.ly/3VhtT1E
,Pica South American Kitchen,Jl. Dewisita,Ubud,Gianyar,-8.5101244,115.2632059,47,574,Peruvian,https://bit.ly/4e04b9a
,Dapur Usada,Jl. Sugriwa No.4,Ubud,Gianyar,-8.5094358,115.2658615,47,505,Vegetarian,https://bit.ly/3VguwZc
,Mesari Restaurant,Jl. Penestanan Kelod,Ubud,Gianyar,-8.5097866,115.2516785,45,402,Restaurant,https://bit.ly/3yy8B7c
,Hujan Locale: Modern Indonesian Restaurant,Jl. Sri Wedari No.5,Ubud,Gianyar,-8.5073,115.265031,46,1590,Indonesian,https://bit.ly/3wQ247i
,Sangsaka Restaurant,Jalan Pangkung Sari No. 100 Kerobokan,Kuta,Badung,-8.6786187,115.1605023,47,1699,Indonesian,https://bit.ly/4dWZop2
,The Sayan House Restaurant,Jl. Raya Sayan No.70,Ubud,Gianyar,-8.4986293,115.2442719,46,1962,Fusion restaurant,https://bit.ly/3yy8BnI
,Asri Dining by Samanvaya,"Serongga, Gianyar, Gianyar, Bali 80515",Banjar,Buleleng,-8.4747729,115.4407987,49,1432,Restaurant,https://bit.ly/3R34iHr
,Copper Kitchen & Bar,Jl. Bisma No.68,Ubud,Gianyar,33.2284076,-96.6129273,43,539,Restaurant,https://bit.ly/44Xv4Xm
,Bebek Bengil Ubud,Jl. Hanoman,Ubud,Gianyar,-8.5177232,115.2637002,43,7023,Balinese restaurant,https://bit.ly/456PYTV
,Casita Bali,"Baturiti, Tabanan, Bali 82191",Tabanan,Tabanan,-8.3546134,115.1844895,40,1,Balinese restaurant,https://bit.ly/4dZ4Rfe
,Kebun Bistro,"next to Tegun Galeri, Jl. Hanoman No.44",Ubud,Gianyar,-8.513603,115.2642122,46,2514,Bistro,https://bit.ly/4dYHeDu
,Alchemy Bali,Jl. Penestanan Kelod No.75,Ubud,Gianyar,-8.5063939,115.2516442,43,2060,Vegan,https://bit.ly/456Q5yP
,Tree Top Restaurant and Piano Bar,Jalan Shanti Padang Mun,Bangli,Bangli,-8.2601591,115.3336222,50,7,Restaurant,https://bit.ly/4dTq61L
,Bale Banjar Restaurant,Jl. Melasti Legian Kelod,Kuta,Badung,-8.7080359,115.1669433,45,11,Restaurant,https://bit.ly/4dQIR69
,Meguna Ubud Restaurant,Jl. Monkey Forest,Ubud,Gianyar,-8.5181996,115.2621656,47,790,Restaurant,https://bit.ly/3QZ4dUY
,Botanist Restaurant Ubud,Kelabang Moding,Banjar,Buleleng,-8.4777558,115.2629199,44,93,Restaurant,https://bit.ly/3VieTk4
,Casa Curandera Bali,Jl. Katik Lantang,Ubud,Gianyar,-8.5158648,115.2504266,48,496,Colombian,https://bit.ly/3VhEl9v
,Warung Nyoman,"Jalan Raya Pacung, Baturiti, Tabanan",Klungkung,Klungkung,-8.6637935,115.456047,41,86,Balinese restaurant,https://bit.ly/3VgcQwR
,Warung Babi Guling Andi Jaya Perean,Jl. Perean Tengah,Tabanan,Tabanan,-8.4183043,115.1991028,45,275,Balinese restaurant,https://bit.ly/3R1zfvu
,The Plantation Grill - Seminyak,"Seminyak, Kuta, Badung, Bali 80361",Kuta,Badung,-8.6963594,115.1616054,47,644,Steak,https://bit.ly/3yEFNd9
,Keramas Aero Park,Jl. Bay Pass Ida Bagus Mantra KM. 28 Keramas,Ubud,Gianyar,-8.5951602,115.3378026,43,1144,Restaurant,https://bit.ly/4e09wNG
,Locavore To Go,Jl. Dewisita No.10a,Ubud,Gianyar,-8.5103729,115.2642813,46,986,Hamburger,https://bit.ly/44WaBCd
,Kayuputi,Kawasan Pariwisata,Nusa Dua,Badung,-8.8134667,115.2283879,48,708,Restaurant,https://bit.ly/44WaBSJ
,Chez Gado Gado,Jl. Camplung Tanduk No.99,Kuta,Badung,-8.6929055,115.1590383,44,2246,Restaurant,https://bit.ly/3R1zfM0
,Warung Mina Bedugul,Jl. Mekarsari - Baturiti Bedugul,Tabanan,Tabanan,-8.3512699,115.188816,43,149,Restaurant,https://bit.ly/3R0ZDWe
,Aruna Restaurant,"Banjar Sapat, Jl. Raya Tegallalang",Tegallalang ,Gianyar,35.6552648,-105.9952814,47,29,Indonesian,https://bit.ly/3R37FxI
,Pistachio Restaurant Ubud,Jl. Bisma,Ubud,Gianyar,-8.5137778,115.2581204,45,570,Restaurant,https://bit.ly/4dZ4p0a
,Uno Ristorante Italiano,"Jalan Raya, Ubud, Kecamatan Ubud, Kabupaten Gianyar, Bali 80571",Ubud,Gianyar,-8.5065413,115.2613859,37,634,Italian,https://bit.ly/3wTRnR8
,Jaansan Bali Restaurant,Jl. Petitenget No.40X,Kuta,Badung,-8.784735,115.193594,47,905,Restaurant,https://bit.ly/3R3A32P
,Mauri Restaurant,Jl. Petitenget No.100,Kuta Utara ,Badung,42.270134,-87.996715,47,964,Italian,https://bit.ly/3ViBJbx
,SACRED RICE Restaurant,"MAS, Ubud, Gianyar, Bali 80571",Ubud,Gianyar,38.9647878,-94.6700701,47,392,Restaurant,https://bit.ly/3yBtEpn
,Boy'N'Cow,Jl. Raya Kerobokan No.138,Kuta Utara ,Badung,35.4052022,-94.5859651,47,3171,Steak,https://bit.ly/44XJ9Ee
,Sarong,Jl. Petitenget No.19X,Kuta Utara ,Badung,36.1653356,-95.755994,45,862,Asian Fusion,https://bit.ly/4dXoeVF
,NOAA Social Dining,"No.2000X, Jl. Petitenget",Kuta,Badung,-8.6771403,115.1542334,46,561,Asian,https://bit.ly/450XBLr
,Ankhusa Ubud by Wonderspace,Jl. Raya Desa Kenderan No.88X,Ubud,Gianyar,-8.4284775,115.2976684,49,430,Restaurant,https://bit.ly/3wVBlGn
,Naughty Nuri's Ubud,Jl. Raya Sanggingan No.88X,Ubud,Gianyar,-8.4924829,115.2532592,42,4280,Barbecue,https://bit.ly/3Vejgwu
,Natti's Indian Specialty Restaurant,"Kenran Resort Kenderan,Tegallalang",Ubud,Gianyar,-8.473762,115.2855105,49,1027,Indian,https://bit.ly/3VgOnYg
,Brie Restaurant & Cheesery,Jl. Penestanan Kelod,Ubud ,Gianyar,39.041524,-94.5937827,47,259,Restaurant,https://bit.ly/3UWxely
,Kasaba Restaurant,Jl. Tirta Tawar No.188,Ubud,Gianyar,38.2113057,-90.3957607,49,105,Restaurant,https://bit.ly/3UX1v3p
,Ely's Kitchen Ubud,Jl. Suweta,Ubud,Gianyar,-8.4887521,115.2648961,47,755,Restaurant,https://bit.ly/3UQAYF2
,Miro's Garden Restaurant,Jl. Bisma No.1,Ubud,Gianyar,-8.5055541,115.2591375,43,324,Balinese restaurant,https://bit.ly/3UYL8U3
,Dayu's Warung,Jl. Sugriwa No.28X,Ubud,Gianyar,30.0183287,-90.233884,45,552,Western,https://bit.ly/3wZUJ4X
,Ithaka Warung,Jl. Pantai Batu Bolong No.168,Kuta,Badung,-8.6586338,115.1308097,44,862,Indonesian,https://bit.ly/3R1UxJu
,Cuca Restaurant,Jl. Yoga Perkanthi,Kuta,Badung,-8.772611,115.170042,48,4648,Tapas,https://bit.ly/3WYWudp
,"Mr. Wayan, Coffee & Eatery","Br. Bentuyung, Jl. Suweta",Ubud,Gianyar,-8.4907656,115.2651606,48,571,Restaurant,https://bit.ly/3WU5PmR
,Cretya Lite,Jl. Raya Tegallalang,Ubud,Gianyar,-8.4403764,115.2806591,49,531,Asian,https://bit.ly/3R25Lhc
,Santorini Greek Restaurant Canggu,Jl. Batu Mejan Canggu,Kuta,Badung,-8.6519501,115.1319952,44,1525,Greek,https://bit.ly/3wOvVNt
,Lazy Cats Cafe,Jl. Raya Ubud No.11,Ubud,Gianyar,-8.5053108,115.2582557,44,2163,Cafe,https://www.google.com/maps/place/Lazy+Cats+Cafe/data=!4m7!3m6!1s0x2dd23d3fde92dc37:0xecf79538fde27282!8m2!3d-8.5053108!4d115.2582557!16s%2Fg%2F11c2ksvw65!19sChIJN9yS3j890i0RgnLi_TiV9-w?authuser=0&hl=en&rclk=1
,Montana Del Cafe,"P8MR+48V, Penelokan Main Rd No.889",Bangli,Bangli,-8.2680071,115.3424449,47,4772,Cafe,https://www.google.com/maps/place/Montana+Del+Cafe/data=!4m7!3m6!1s0x2dd1f5539b94bde1:0xe93399784bf10228!8m2!3d-8.2680071!4d115.3424449!16s%2Fg%2F11j4v8by15!19sChIJ4b2Um1P10S0RKALxS3iZM-k?authuser=0&hl=en&rclk=1
,Clear Cafe,Jl. Hanoman No.8,Ubud,Gianyar,-8.5092137,115.2649609,43,3636,Cafe,https://www.google.com/maps/place/Clear+Cafe/data=!4m7!3m6!1s0x2dd23d6bc25f6ab9:0x66843dd1173b4799!8m2!3d-8.5092137!4d115.2649609!16s%2Fg%2F1hm49hpx3!19sChIJuWpfwms90i0RmUc7F9E9hGY?authuser=0&hl=en&rclk=1
,Mango Cafe,Jl. Raya Laplapan,Tampaksiring,Gianyar,43.0525998,-87.9030798,46,269,Cafe,https://www.google.com/maps/place/Mango+Cafe/data=!4m7!3m6!1s0x2dd23d49b41e4e37:0x20e85add245ea1cf!8m2!3d-8.4930188!4d115.2813477!16s%2Fg%2F11sgmw_02b!19sChIJN04etEk90i0Rz6FeJN1a6CA?authuser=0&hl=en&rclk=1
,Seniman Coffee,Jl. Sri Wedari No.5,Banjar,Buleleng,-8.5068964,115.2650732,47,5202,Coffee shop,https://www.google.com/maps/place/Seniman+Coffee/data=!4m7!3m6!1s0x2dd23d6a065b98bb:0x6fa247aced3b9ae2!8m2!3d-8.5068964!4d115.2650732!16s%2Fg%2F1tdz276b!19sChIJu5hbBmo90i0R4po77axHom8?authuser=0&hl=en&rclk=1
,Tis Cafe,Jl. Raya Tegallalang,Ubud,Gianyar,-8.4307634,115.2786171,47,3804,Cafe,https://www.google.com/maps/place/Tis+Cafe/data=!4m7!3m6!1s0x2dd2237fb92427e1:0xa0c73a52235a7df8!8m2!3d-8.4307634!4d115.2786171!16s%2Fg%2F11hzbl7lf4!19sChIJ4SckuX8j0i0R-H1aI1I6x6A?authuser=0&hl=en&rclk=1
,Yellow Flower Café,Jl. Raya Campuhan,Ubud,Gianyar,-8.5022426,115.2518804,44,1054,Cafe,https://www.google.com/maps/place/Yellow+Flower+Caf%C3%A9/data=!4m7!3m6!1s0x2dd23d3c6806d91d:0xe78cf92ccfe8d766!8m2!3d-8.5022426!4d115.2518804!16s%2Fg%2F11ckqsyz2x!19sChIJHdkGaDw90i0RZtfozyz5jOc?authuser=0&hl=en&rclk=1
,Muse Cafe & Art,Jl. Sri Wedari No.6b,Ubud,Gianyar,39.1486624,-84.5981732,44,774,Cafe,https://www.google.com/maps/place/Muse+Cafe+%26+Art/data=!4m7!3m6!1s0x2dd23d90f496bcc9:0xe18173a9b73f5826!8m2!3d-8.4941544!4d115.2664463!16s%2Fg%2F11f6l_mfqt!19sChIJybyW9JA90i0RJlg_t6lzgeE?authuser=0&hl=en&rclk=1
,Titik Temu Cafe - Ubud Palace,Jl. Suweta No.6,Ubud,Gianyar,-8.5055339,115.2629522,45,684,Cafe,https://www.google.com/maps/place/Titik+Temu+Cafe+-+Ubud+Palace/data=!4m7!3m6!1s0x2dd23d806883db07:0x49c0f8c90c556395!8m2!3d-8.5055339!4d115.2629522!16s%2Fg%2F11h8j3s8rl!19sChIJB9uDaIA90i0RlWNVDMn4wEk?authuser=0&hl=en&rclk=1
,Anomali Coffee Ubud,Jl. Raya Ubud No.88,Ubud,Gianyar,-8.5081859,115.2651952,44,2229,Cafe,https://www.google.com/maps/place/Anomali+Coffee+Ubud/data=!4m7!3m6!1s0x2dd2222ce4309925:0x8d39add619dd5946!8m2!3d-8.5081859!4d115.2651952!16s%2Fg%2F1pp2vbvfz!19sChIJJZkw5Cwi0i0RRlndGdatOY0?authuser=0&hl=en&rclk=1
,Ivy Cafe,Jl Pengosenkan,Ubud ,Gianyar,38.6509679,-90.3393205,49,905,Cafe,https://www.google.com/maps/place/Ivy+Cafe/data=!4m7!3m6!1s0x2dd23dfce2dcd7c3:0x29cdc3529b21c826!8m2!3d-8.5209276!4d115.2628996!16s%2Fg%2F11kh4t0j52!19sChIJw9fc4vw90i0RJsghm1LDzSk?authuser=0&hl=en&rclk=1
,Bee Cafe Bali,Jl. Sawah Indah,Ubud,Gianyar,-8.5169923,115.2741602,44,161,Restaurant,https://www.google.com/maps/place/Bee+Cafe+Bali/data=!4m7!3m6!1s0x2dd23d848e39d593:0xdd5a6efde87d473c!8m2!3d-8.5169923!4d115.2741602!16s%2Fg%2F11hzskw1vd!19sChIJk9U5joQ90i0RPEd96P1uWt0?authuser=0&hl=en&rclk=1
,Cafe Pomegranate,Jl. Subak Sok Wayah,Ubud,Gianyar,41.7535149,-88.2198708,44,1418,Asian,https://www.google.com/maps/place/Cafe+Pomegranate/data=!4m7!3m6!1s0x2dd23d3f31c57fc7:0xdcfac519558a22a2!8m2!3d-8.4986985!4d115.2581869!16s%2Fg%2F11b720r26h!19sChIJx3_FMT890i0RoiKKVRnF-tw?authuser=0&hl=en&rclk=1
,Edery Cafe,"Br. Bayad, Jl. Raya Payangan",Ubud,Gianyar,-8.4550749,115.2433304,47,420,Cafe,https://www.google.com/maps/place/Edery+Cafe/data=!4m7!3m6!1s0x2dd2236e4aff8935:0x272e01a3a7f26bc4!8m2!3d-8.4550749!4d115.2433304!16s%2Fg%2F11j6ncb9r3!19sChIJNYn_Sm4j0i0RxGvyp6MBLic?authuser=0&hl=en&rclk=1
,Suka Espresso [Ubud],Jl. Raya Pengosekan Ubud No.108,Ubud,Gianyar,-8.5211086,115.2632543,47,2598,Cafe,https://www.google.com/maps/place/Suka+Espresso+%5BUbud%5D/data=!4m7!3m6!1s0x2dd23da6ec4589cd:0x5778eea89f14f29c!8m2!3d-8.5211086!4d115.2632543!16s%2Fg%2F11j3vtq37b!19sChIJzYlF7KY90i0RnPIUn6jueFc?authuser=0&hl=en&rclk=1
,La Montagne Coffee,Jl. Surya Indah,Karangasem,Karangasem,-8.4230472,115.4280938,44,228,Coffee shop,https://www.google.com/maps/place/La+Montagne+Coffee/data=!4m7!3m6!1s0x2dd21bc3216abbfb:0xe39f5b19724614e1!8m2!3d-8.4230472!4d115.4280938!16s%2Fg%2F11jr59jvq_!19sChIJ-7tqIcMb0i0R4RRGchlbn-M?authuser=0&hl=en&rclk=1
,Namaskara Coffee & Superfoods,Jl. Tirta Tawar No.50,Ubud,Gianyar,-8.5087082,115.2682596,47,603,Coffee shop,https://www.google.com/maps/place/Namaskara+Coffee+%26+Superfoods/data=!4m7!3m6!1s0x2dd23d6922b90dc1:0x379936ac05ed3c34!8m2!3d-8.5087082!4d115.2682596!16s%2Fg%2F11fzfbd1dg!19sChIJwQ25Imk90i0RNDztBaw2mTc?authuser=0&hl=en&rclk=1
,The Lost cafe,Jl. Baturiti Bedugul No.108A,Baturiti,Tabanan,39.7488168,-104.837421,49,362,Cafe,https://www.google.com/maps/place/The+Lost+cafe/data=!4m7!3m6!1s0x2dd18965790f3abf:0xb24eb870cdbd1d87!8m2!3d-8.2990648!4d115.1755518!16s%2Fg%2F11llwmkm6m!19sChIJvzoPeWWJ0S0Rhx29zXC4TrI?authuser=0&hl=en&rclk=1
,Huma Cafe by Goldmine,Jalan Cinta,Ubud,Gianyar,-8.4610161,115.2721347,47,1283,Cafe,https://www.google.com/maps/place/Huma+Cafe+by+Goldmine/data=!4m7!3m6!1s0x2dd22349e65ea973:0xadf2e8a4e24cbd5c!8m2!3d-8.4610161!4d115.2721347!16s%2Fg%2F11rq9j2n0j!19sChIJc6le5kkj0i0RXL1M4qTo8q0?authuser=0&hl=en&rclk=1
,Otokafe,Jl. Raya Pengosekan Ubud,Ubud,Gianyar,-8.518382,115.263359,43,446,Cafe,https://www.google.com/maps/place/Otokafe/data=!4m7!3m6!1s0x2dd23d87056c1e09:0x20678f2cab610c6b!8m2!3d-8.518382!4d115.263359!16s%2Fg%2F11fk3xdtmy!19sChIJCR5sBYc90i0RawxhqyyPZyA?authuser=0&hl=en&rclk=1
,Tucky | Specialty Coffee & Brunch,Jl. Goutama Sel. No.15,Ubud,Gianyar,-8.5099464,115.2640876,49,131,Cafe,https://www.google.com/maps/place/Tucky+%7C+Specialty+Coffee+%26+Brunch/data=!4m7!3m6!1s0x2dd23dfaa163abb7:0x78a28b4faee95abc!8m2!3d-8.5099464!4d115.2640876!16s%2Fg%2F11tm_pj1cj!19sChIJt6tjofo90i0RvFrprk-Long?authuser=0&hl=en&rclk=1
,Cafe Vespa,Jl. Banjar Penestanan Kaja,Banjar,Buleleng,-8.503636,115.247454,44,883,Cafe,https://www.google.com/maps/place/Cafe+Vespa/data=!4m7!3m6!1s0x2dd23d3d3475e853:0x4eef90076ce9c13e!8m2!3d-8.503636!4d115.247454!16s%2Fg%2F11b634b_xd!19sChIJU-h1ND090i0RPsHpbAeQ704?authuser=0&hl=en&rclk=1
,Milk & Madu Ubud,Jl. Suweta No.3,Kuta Utara ,Badung,37.1261813,-96.1849084,44,3651,Cafe,https://www.google.com/maps/place/Milk+%26+Madu+Ubud/data=!4m7!3m6!1s0x2dd23d6a8e890949:0x6e63b6b7b41f0060!8m2!3d-8.5063254!4d115.2624265!16s%2Fg%2F11f_x4s3f9!19sChIJSQmJjmo90i0RYAAftLe2Y24?authuser=0&hl=en&rclk=1
,Watercress Ubud,Jl. Monkey Forest,Ubud,Gianyar,-8.5131112,115.2608741,47,2616,Cafe,https://www.google.com/maps/place/Watercress+Ubud/data=!4m7!3m6!1s0x2dd23d6cdad82e2d:0x75599808bcc0b6da!8m2!3d-8.5131112!4d115.2608741!16s%2Fg%2F11ckqrbdxp!19sChIJLS7Y2mw90i0R2rbAvAiYWXU?authuser=0&hl=en&rclk=1
,Blend Cafe Ubud,"Jalan Nyuh Bojog, Desa Jl. Nyuh Bojog No.18",Ubud,Gianyar,-8.5215203,115.2569675,46,593,Cafe,https://www.google.com/maps/place/Blend+Cafe+Ubud/data=!4m7!3m6!1s0x2dd23d6b72f81611:0x46f3da3dfc546e3f!8m2!3d-8.5215203!4d115.2569675!16s%2Fg%2F11f5467570!19sChIJERb4cms90i0RP25U_D3a80Y?authuser=0&hl=en&rclk=1
,Unity Cafe Bali,Jl. Raya Lungsiakan No.49,Ubud,Gianyar,-8.4859246,115.2479966,49,89,Cafe,https://www.google.com/maps/place/Unity+Cafe+Bali/data=!4m7!3m6!1s0x2dd2233ae01da3c5:0xd4a124f80a8c717c!8m2!3d-8.4859246!4d115.2479966!16s%2Fg%2F11v3z02b6l!19sChIJxaMd4Doj0i0RfHGMCvgkodQ?authuser=0&hl=en&rclk=1
,Ritatkala Cafe,Jl. Raya Kintamani,Bangli,Bangli,-8.2564831,115.3365631,48,3030,Cafe,https://www.google.com/maps/place/Ritatkala+Cafe/data=!4m7!3m6!1s0x2dd1f51a3a88b97d:0x9927f29e7f16788e!8m2!3d-8.2564831!4d115.3365631!16s%2Fg%2F11lrcv5j64!19sChIJfbmIOhr10S0RjngWf57yJ5k?authuser=0&hl=en&rclk=1
,KAFE,Jl. Hanoman No.44B,Ubud,Gianyar,30.0279219,-95.5129356,44,2968,Health Food,https://www.google.com/maps/place/KAFE/data=!4m7!3m6!1s0x2dd23d739f22c9c3:0x9f81e5b6c6de53e6!8m2!3d-8.5139604!4d115.2641611!16s%2Fg%2F1wfz1c_s!19sChIJw8kin3M90i0R5lPexrblgZ8?authuser=0&hl=en&rclk=1
,Sunny Coffee,Jl. Hanoman,Ubud,Gianyar,29.7515196,-95.3986503,49,538,Coffee shop,https://www.google.com/maps/place/Sunny+Coffee/data=!4m7!3m6!1s0x2dd23dc5eba07e31:0xd5b267c6c944f37f!8m2!3d-8.5127!4d115.2642555!16s%2Fg%2F11gmt4wybw!19sChIJMX6g68U90i0Rf_NEycZnstU?authuser=0&hl=en&rclk=1
,F.R.E.A.K Coffee,Jl. Hanoman No.19,Ubud,Gianyar,-8.5102647,115.2649731,44,521,Coffee shop,https://www.google.com/maps/place/F.R.E.A.K+Coffee/data=!4m7!3m6!1s0x2dd23d6bf66cddc3:0x5556db5cf70080ef!8m2!3d-8.5102647!4d115.2649731!16s%2Fg%2F11bccjvbbj!19sChIJw91s9ms90i0R74AA91zbVlU?authuser=0&hl=en&rclk=1
,Aletheia Back House,Jl. Raya Sanggingan,Ubud,Gianyar,-8.4911761,115.2536716,47,83,Coffee shop,https://www.google.com/maps/place/Aletheia+Back+House/data=!4m7!3m6!1s0x2dd23d3130099e23:0xc28039697ba4030!8m2!3d-8.4911761!4d115.2536716!16s%2Fg%2F11g86x_52x!19sChIJI54JMDE90i0RMEC6l5YDKAw?authuser=0&hl=en&rclk=1
,Éco Café 2,Jalan Raya Desa Munduk Dusun Beji,Buleleng,Buleleng,-8.2643824,115.0608504,48,362,Cafe,https://www.google.com/maps/place/%C3%89co+Caf%C3%A9+2/data=!4m7!3m6!1s0x2dd1861955555555:0x6f50c98fd333d9d8!8m2!3d-8.2643824!4d115.0608504!16s%2Fg%2F11bvt1_d08!19sChIJVVVVVRmG0S0R2Nkz04_JUG8?authuser=0&hl=en&rclk=1
,Mudra Cafe,Jl. Goutama Sel. No.21,Ubud,Gianyar,-8.5110222,115.2637939,44,1229,Cafe,https://www.google.com/maps/place/Mudra+Cafe/data=!4m7!3m6!1s0x2dd23d6c6fd99f59:0xd7b73811a6a037f1!8m2!3d-8.5110222!4d115.2637939!16s%2Fg%2F11c4svp03j!19sChIJWZ_Zb2w90i0R8TegphE4t9c?authuser=0&hl=en&rclk=1
,The Seeds of Life Cafe,Jl. Gootama No.2,Ubud,Gianyar,-8.5083604,115.2642967,45,1174,Vegan,https://www.google.com/maps/place/The+Seeds+of+Life+Cafe/data=!4m7!3m6!1s0x2dd23d6bb6c809af:0xaaf50e1866710005!8m2!3d-8.5083604!4d115.2642967!16s%2Fg%2F11sk0s_br0!19sChIJrwnItms90i0RBQBxZhgO9ao?authuser=0&hl=en&rclk=1
,Gangga Coffee Ubud,Jl. Raya Andong No.11,Ubud,Gianyar,-8.5033972,115.2723204,45,707,Coffee shop,https://www.google.com/maps/place/Gangga+Coffee+Ubud/data=!4m7!3m6!1s0x2dd23d5d361dbe13:0xc4ae61849269fc77!8m2!3d-8.5033972!4d115.2723204!16s%2Fg%2F11dxblqn2t!19sChIJE74dNl090i0Rd_xpkoRhrsQ?authuser=0&hl=en&rclk=1
,Raditya Cafe,"Banjar Bangkiangsidem, Desa/ Kel Keliki, Kec. Tegalalang",Banjar,Buleleng,-8.4886763,115.2582505,47,187,Cafe,https://www.google.com/maps/place/Raditya+Cafe/data=!4m7!3m6!1s0x2dd23d35bc94fa5f:0x78b12422ff69ee47!8m2!3d-8.4886763!4d115.2582505!16s%2Fg%2F11f00hxb5n!19sChIJX_qUvDU90i0RR-5p_yIksXg?authuser=0&hl=en&rclk=1
,Segara Windhu Coffee Plantation,"Jl. Raya Kintamani, Manukaya, Kec. Tampaksiring, Kabupaten Gianyar, Bali 80552",Kintamani,Bangli,-8.3871365,115.3343909,43,1495,Cafe,https://www.google.com/maps/place/Segara+Windhu+Coffee+Plantation/data=!4m7!3m6!1s0x2dd21ed854d3740b:0x55fd395132f85053!8m2!3d-8.3871365!4d115.3343909!16s%2Fg%2F11c0p_50nw!19sChIJC3TTVNge0i0RU1D4MlE5_VU?authuser=0&hl=en&rclk=1
,Bali Beans Plantation,"Belok/Sidan, Petang, Badung, Bali 80353",Petang,Badung,-8.2564276,115.2450343,47,147,Cafe,https://www.google.com/maps/place/Bali+Beans+Plantation/data=!4m7!3m6!1s0x2dd18b70f6fecaaf:0xafc9f788b5810e97!8m2!3d-8.2564276!4d115.2450343!16s%2Fg%2F11gb3p4v1t!19sChIJr8r-9nCL0S0Rlw6BtYj3ya8?authuser=0&hl=en&rclk=1
,Monkey Cave Espresso Ubud,Jl. Monkey Forest,Ubud,Gianyar,-8.5183309,115.2624966,48,572,Cafe,https://www.google.com/maps/place/Monkey+Cave+Espresso+Ubud/data=!4m7!3m6!1s0x2dd23d7320bc1949:0xcfff6c3a64d4b3fb!8m2!3d-8.5183309!4d115.2624966!16s%2Fg%2F11c59xbnlf!19sChIJSRm8IHM90i0R-7PUZDps_88?authuser=0&hl=en&rclk=1
,Fancy Cup Cafe Ubud,Jl. Raya Sanggingan,Ubud,Gianyar,-8.4914368,115.2530324,48,212,Cafe,https://www.google.com/maps/place/Fancy+Cup+Cafe+Ubud/data=!4m7!3m6!1s0x2dd23d8a277aaa39:0xb5db733194cee32a!8m2!3d-8.4914368!4d115.2530324!16s%2Fg%2F11nxg0tq53!19sChIJOap6J4o90i0RKuPOlDFz27U?authuser=0&hl=en&rclk=1
,BITTERSWEET,Jl. Sri Wedari No.24,Ubud,Gianyar,37.5485267,-97.2460098,46,444,Cafe,https://www.google.com/maps/place/BITTERSWEET/data=!4m7!3m6!1s0x2dd23dd277a763f7:0x273c79362b6f743a!8m2!3d-8.4837412!4d115.2683587!16s%2Fg%2F11f62djcpm!19sChIJ92Ond9I90i0ROnRvKzZ5PCc?authuser=0&hl=en&rclk=1
,Karsa Kafe,"Keliki, Jl. Bangkiang Sidem",Ubud,Gianyar,-8.489934,115.2582745,42,1176,Cafe,https://www.google.com/maps/place/Karsa+Kafe/data=!4m7!3m6!1s0x2dd23d35c3ed98cb:0x1be7785bbd3546f!8m2!3d-8.489934!4d115.2582745!16s%2Fg%2F1ptz2ph2n!19sChIJy5jtwzU90i0Rb1TTu4V3vgE?authuser=0&hl=en&rclk=1
,PUKAKO by Paddyfield,Jl. Raya Uma Jl. Subak Sok Wayah,Ubud,Gianyar,-8.5024638,115.2571934,45,394,Coffee shop,https://www.google.com/maps/place/PUKAKO+by+Paddyfield/data=!4m7!3m6!1s0x2dd23d6c092325c1:0xebe6b36879669fa6!8m2!3d-8.5024638!4d115.2571934!16s%2Fg%2F11f9t37l5m!19sChIJwSUjCWw90i0Rpp9meWiz5us?authuser=0&hl=en&rclk=1
,Bake Pastry and Coffee,Jl. Hanoman No.20,Ubud,Gianyar,40.116014,-88.2191919,48,218,Coffee shop,https://www.google.com/maps/place/Bake+Pastry+and+Coffee/data=!4m7!3m6!1s0x2dd23daf4f561e0f:0xf4040d3885b92bca!8m2!3d-8.5107609!4d115.2648049!16s%2Fg%2F11rjqxcnp_!19sChIJDx5WT6890i0Ryiu5hTgNBPQ?authuser=0&hl=en&rclk=1
,FLOCK,Jl. Jatayu,Ubud,Gianyar,38.8891103,-90.1753579,46,539,Restaurant,https://www.google.com/maps/place/FLOCK/data=!4m7!3m6!1s0x2dd23ddbe966f017:0x3d48b1d3c854f68b!8m2!3d-8.516444!4d115.2655511!16s%2Fg%2F11fq8q2np8!19sChIJF_Bm6ds90i0Ri_ZUyNOxSD0?authuser=0&hl=en&rclk=1
,Reina Jungla,Jl. Tirta Tawar No.99,Ubud,Gianyar,-8.5016553,115.2685044,47,309,Cafe,https://www.google.com/maps/place/Reina+Jungla/data=!4m7!3m6!1s0x2dd23daee423c5f5:0x4733f609cd02f61f!8m2!3d-8.5016553!4d115.2685044!16s%2Fg%2F11tk6s_6ts!19sChIJ9cUj5K490i0RH_YCzQn2M0c?authuser=0&hl=en&rclk=1
,Wanagiri Coffee Plantation Bali and luwak coffee,"Wanagiri, Sukasada, Buleleng, Bali 81161",Buleleng,Buleleng,-8.2352081,115.1384022,49,278,Cafe,https://www.google.com/maps/place/Wanagiri+Coffee+Plantation+Bali+and+luwak+coffee/data=!4m7!3m6!1s0x2dd18f42bb51cab1:0xbc486d892ac7e98c!8m2!3d-8.2352081!4d115.1384022!16s%2Fg%2F11fk1n7r_f!19sChIJscpRu0KP0S0RjOnHKoltSLw?authuser=0&hl=en&rclk=1
,HOME Cafe UBUD,Jl. Sri Wedari,Ubud,Gianyar,-8.4839416,115.2672136,43,443,Cafe,https://www.google.com/maps/place/HOME+Cafe+UBUD/data=!4m7!3m6!1s0x2dd2234e89bd9011:0x4ac618c3fc271e3f!8m2!3d-8.4839416!4d115.2672136!16s%2Fg%2F11trv6ttrf!19sChIJEZC9iU4j0i0RPx4n_MMYxko?authuser=0&hl=en&rclk=1
,Ubud Coffee Roastery,Jl. Goutama Sel.,Ubud,Gianyar,-8.5117833,115.2638954,47,992,Coffee shop,https://www.google.com/maps/place/Ubud+Coffee+Roastery/data=!4m7!3m6!1s0x2dd23d6c429fa0b1:0x37efc0bb2c1e35d2!8m2!3d-8.5117833!4d115.2638954!16s%2Fg%2F11c5rpd0vd!19sChIJsaCfQmw90i0R0jUeLLvA7zc?authuser=0&hl=en&rclk=1
,pixelatte cafe,Jl. Raya Pengosekan Ubud No.63X,Ubud,Gianyar,-8.5201026,115.2628607,46,53,Cafe,https://www.google.com/maps/place/pixelatte+cafe/data=!4m7!3m6!1s0x2dd23d1f8a896439:0xd18d125dd3ea8a98!8m2!3d-8.5201026!4d115.2628607!16s%2Fg%2F11v6svwxl5!19sChIJOWSJih890i0RmIrq010SjdE?authuser=0&hl=en&rclk=1
,Loaf Candidasa Cafe,Jl. Raya Candidasa,Karangasem,Karangasem,-8.5062566,115.5624285,45,369,Cafe,https://www.google.com/maps/place/Loaf+Candidasa+Cafe/data=!4m7!3m6!1s0x2dd20ed5d939440d:0xf91b9fe6f9b5f26c!8m2!3d-8.5062566!4d115.5624285!16s%2Fg%2F11b90c6jt8!19sChIJDUQ52dUO0i0RbPK1-eafG_k?authuser=0&hl=en&rclk=1
,Chandra Cafe,"Inside Radiantly Alive, Jl. Jembawan No.3",Ubud,Gianyar,-8.5093192,115.2670214,40,45,Cafe,https://www.google.com/maps/place/Chandra+Cafe/data=!4m7!3m6!1s0x2dd23de3513f4aab:0x4da83e03ddb1fac7!8m2!3d-8.5093192!4d115.2670214!16s%2Fg%2F11r5fymstv!19sChIJq0o_UeM90i0Rx_qx3QM-qE0?authuser=0&hl=en&rclk=1
,Kucara Coffee and Space,Jalan Cinta,Ubud,Gianyar,-8.4623172,115.2715724,48,220,Coffee shop,https://www.google.com/maps/place/Kucara+Coffee+and+Space/data=!4m7!3m6!1s0x2dd22380727ac327:0x8b0a6166afe29940!8m2!3d-8.4623172!4d115.2715724!16s%2Fg%2F11p0fm0bwy!19sChIJJ8N6coAj0i0RQJnir2ZhCos?authuser=0&hl=en&rclk=1
,Cafe Tabak,Jl. Sukma Kesuma No.48,Ubud,Gianyar,41.9047776,-87.6406545,49,65,Cafe,https://www.google.com/maps/place/Cafe+Tabak/data=!4m7!3m6!1s0x2dd23d5bc6bbd003:0x4576dbea354c2912!8m2!3d-8.5143895!4d115.2675008!16s%2Fg%2F11fjxb29hm!19sChIJA9C7xls90i0REilMNerbdkU?authuser=0&hl=en&rclk=1
,Pissari Bali Cafe,Jl. Monkey Forest No.88X,Ubud,Gianyar,-8.5142032,115.2607552,48,1331,Cafe,https://www.google.com/maps/place/Pissari+Bali+Cafe/data=!4m7!3m6!1s0x2dd23d6cd0097241:0xd98676519dc37747!8m2!3d-8.5142032!4d115.2607552!16s%2Fg%2F1pzx97fp3!19sChIJQXIJ0Gw90i0RR3fDnVF2htk?authuser=0&hl=en&rclk=1
,Wacky Jacky's Bali & WJ's Coffee Shop,"Candidasa, Jl. Raya Candidasa",Karangasem,Karangasem,-8.5098108,115.5705051,46,85,Coffee shop,https://www.google.com/maps/place/Wacky+Jacky%27s+Bali+%26+WJ%27s+Coffee+Shop/data=!4m7!3m6!1s0x2dd2092c9a7ffb6b:0x39cf0b535b93af4b!8m2!3d-8.5098108!4d115.5705051!16s%2Fg%2F11_ryk9z1!19sChIJa_t_miwJ0i0RS6-TW1MLzzk?authuser=0&hl=en&rclk=1
,Tropical View Ubud,Jl. Monkey Forest,Ubud,Gianyar,-8.5183644,115.26155,44,748,Restaurant,https://www.google.com/maps/place/Tropical+View+Ubud/data=!4m7!3m6!1s0x2dd23daa9233359f:0x1179d0f4fedf9b8e!8m2!3d-8.5183644!4d115.26155!16s%2Fg%2F11h650bm46!19sChIJnzUzkqo90i0Rjpvf_vTQeRE?authuser=0&hl=en&rclk=1
,Tamarillo Hexacafe Bali,"South Batur, Kintamani, Bangli, Bali 80652",Bangli,Bangli,-8.259001,115.3375282,45,224,Cafe,https://www.google.com/maps/place/Tamarillo+Hexacafe+Bali/data=!4m7!3m6!1s0x2dd1f5f0e2d3dc63:0xdc312e837876a7c7!8m2!3d-8.259001!4d115.3375282!16s%2Fg%2F11p4_8vpy2!19sChIJY9zT4vD10S0Rx6d2eIMuMdw?authuser=0&hl=en&rclk=1
,Maha Cafe/Bar,Jl. Monkey ForestRelaxed cafe with a quaint garden,Ubud ,Gianyar,30.2474253,-97.7758937,43,430,Cafe,https://www.google.com/maps/place/Maha+Cafe%2FBar/data=!4m7!3m6!1s0x2dd23d6d161b696b:0xb3e794a2eb45b46f!8m2!3d-8.5164798!4d115.2597949!16s%2Fg%2F1pzr33qr5!19sChIJa2kbFm090i0Rb7RF66KU57M?authuser=0&hl=en&rclk=1
,Livingstone Holyground,Jl. Raya Andong No.88x,Ubud,Gianyar,-8.504623,115.2720235,48,1092,Coffee shop,https://www.google.com/maps/place/Livingstone+Holyground/data=!4m7!3m6!1s0x2dd23d96a16fd43d:0x5362f4aadd0edb14!8m2!3d-8.504623!4d115.2720235!16s%2Fg%2F11khcc4_kt!19sChIJPdRvoZY90i0RFNsO3ar0YlM?authuser=0&hl=en&rclk=1
,Den~O Coffee Ubud,Jl. Raya Lungsiakan No.44,Ubud,Gianyar,-8.4855994,115.2470674,48,179,Cafe,https://www.google.com/maps/place/Den~O+Coffee+Ubud/data=!4m7!3m6!1s0x2dd223c653482ef5:0x6ac89929ea53c934!8m2!3d-8.4855994!4d115.2470674!16s%2Fg%2F11q95jn7lt!19sChIJ9S5IU8Yj0i0RNMlT6imZyGo?authuser=0&hl=en&rclk=1
,Koko Cafe,Jl. Raya Kedewatan,Ubud ,Gianyar,31.0831498,-97.6485382,45,69,Cafe,https://www.google.com/maps/place/Koko+Cafe/data=!4m7!3m6!1s0x2dd23d2dba1673f9:0xc3f22b1f52b5e3d7!8m2!3d-8.4801106!4d115.2472295!16s%2Fg%2F11cn9pwfrh!19sChIJ-XMWui090i0R1-O1Uh8r8sM?authuser=0&hl=en&rclk=1
,The Elephant,"Hotel Taman Indrakila, Jl. Raya Sanggingan",Ubud ,Gianyar,36.0918741,-95.9420866,45,864,Cafe,https://www.google.com/maps/place/The+Elephant/data=!4m7!3m6!1s0x2dd23d30b015cc97:0x9e34a50eba95d9a3!8m2!3d-8.4989067!4d115.2534587!16s%2Fg%2F11b6gq479z!19sChIJl8wVsDA90i0Ro9mVug6lNJ4?authuser=0&hl=en&rclk=1
,Tunas Bali Luwak Coffee,Jl. Raya Ababi,Karangasem,Karangasem,-8.4014835,115.5906911,41,189,Cafe,https://www.google.com/maps/place/Tunas+Bali+Luwak+Coffee/data=!4m7!3m6!1s0x2dd2078e0b7ac259:0x527b5cb0ea3a738e!8m2!3d-8.4014835!4d115.5906911!16s%2Fg%2F11fj8jqqdz!19sChIJWcJ6C44H0i0RjnM66rBce1I?authuser=0&hl=en&rclk=1
,Intan sari luwak coffee & bali swing bukit,"Tampaksiring, Gianyar, Bali 80552",Ubud,Gianyar,-8.4451294,115.3106114,45,169,Cafe,https://www.google.com/maps/place/Intan+sari+luwak+coffee+%26+bali+swing+bukit/data=!4m7!3m6!1s0x2dd219a4b513e387:0x5676ee86db860142!8m2!3d-8.4451294!4d115.3106114!16s%2Fg%2F11hzmnpr90!19sChIJh-MTtaQZ0i0RQgGG24budlY?authuser=0&hl=en&rclk=1
,JEZERA CAFE,Jl. Windu Sara,Bangli,Bangli,-8.2790204,115.3670866,41,167,Cafe,https://www.google.com/maps/place/JEZERA+CAFE/data=!4m7!3m6!1s0x2dd1f57a3ce205b1:0x875da8d32f5b54c0!8m2!3d-8.2790204!4d115.3670866!16s%2Fg%2F11pz3vxpw2!19sChIJsQXiPHr10S0RwFRbL9OoXYc?authuser=0&hl=en&rclk=1
,Bali Pulina,Jl. Raya Pujung Kaja No.Br,Ubud,Gianyar,-8.422796,115.2790384,45,4539,Cafe,https://www.google.com/maps/place/Bali+Pulina/data=!4m7!3m6!1s0x2dd222990001f90b:0x46117dc3c84b0af2!8m2!3d-8.422796!4d115.2790384!16s%2Fg%2F11bc7r5jvk!19sChIJC_kBAJki0i0R8gpLyMN9EUY?authuser=0&hl=en&rclk=1
,Pemulan Bali Coffee Plantation(FREE TASTING),Jl. Raya Kintamani No.16,Kintamani,Bangli,-8.4016836,115.3251017,47,801,Orchard,https://www.google.com/maps/place/Pemulan+Bali+Coffee+Plantation%28FREE+TASTING%29/data=!4m7!3m6!1s0x2dd21930d85f7f61:0xf2837f3432cd2dc4!8m2!3d-8.4016836!4d115.3251017!16s%2Fg%2F11k9p2qg9m!19sChIJYX9f2DAZ0i0RxC3NMjR_g_I?authuser=0&hl=en&rclk=1
,Pubas Space,Jl. Sri Wedari No.70,Ubud,Gianyar,-8.4967636,115.2664522,47,1016,Restaurant,https://www.google.com/maps/place/Pubas+Space/data=!4m7!3m6!1s0x2dd23dc5b2a94d07:0x4476825040949f44!8m2!3d-8.4967636!4d115.2664522!16s%2Fg%2F11qqf5ynq_!19sChIJB02pssU90i0RRJ-UQFCCdkQ?authuser=0&hl=en&rclk=1
,Cat Cafe Ubud,Jl. Raya Pengosekan,Ubud,Gianyar,-8.5210828,115.2630475,44,370,Cafe,https://www.google.com/maps/place/Cat+Cafe+Ubud/data=!4m7!3m6!1s0x2dd23d7462a22547:0xab6766b474be4f31!8m2!3d-8.5210828!4d115.2630475!16s%2Fg%2F11bzq48q_x!19sChIJRyWiYnQ90i0RMU--dLRmZ6s?authuser=0&hl=en&rclk=1
,Kumulilir,Jl. Raya Pujung Kaja,Ubud,Gianyar,-8.4137791,115.281722,46,797,Cafe,https://www.google.com/maps/place/Kumulilir/data=!4m7!3m6!1s0x2dd222087b0e5561:0xbd7e0295b5806460!8m2!3d-8.4137791!4d115.281722!16s%2Fg%2F11c54ckx4m!19sChIJYVUOewgi0i0RYGSAtZUCfr0?authuser=0&hl=en&rclk=1
,Nadi Farm Cafe,"Behind Kantor Perbekel Desa Angseri, Desa Angseri, Kabupaten",Baturiti ,Tabanan,43.0370399,-88.191185,49,72,Cafe,https://www.google.com/maps/place/Nadi+Farm+Cafe/data=!4m7!3m6!1s0x2dd22707f0cbb74f:0x7143cd76eca9819f!8m2!3d-8.3634944!4d115.1643976!16s%2Fg%2F11tfxsn_y_!19sChIJT7fL8Acn0i0Rn4Gp7HbNQ3E?authuser=0&hl=en&rclk=1
,Monsieur Spoon Ubud,Jl. Hanoman No.10,Ubud,Gianyar,-8.5172935,115.263771,43,1932,Cafe,https://www.google.com/maps/place/Monsieur+Spoon+Ubud/data=!4m7!3m6!1s0x2dd23d724fddbef5:0x19e400bf97dd64de!8m2!3d-8.5172935!4d115.263771!16s%2Fg%2F11ckvkkfs1!19sChIJ9b7dT3I90i0R3mTdl78A5Bk?authuser=0&hl=en&rclk=1
,Acai Queen,Jl. Gootama No.02,Ubud,Gianyar,-8.5082637,115.2642659,48,2083,Cafe,https://www.google.com/maps/place/Acai+Queen/data=!4m7!3m6!1s0x2dd23d6bb703f52f:0xee32f500e9d68713!8m2!3d-8.5082637!4d115.2642659!16s%2Fg%2F11d_8lxdxz!19sChIJL_UDt2s90i0RE4fW6QD1Mu4?authuser=0&hl=en&rclk=1
,WYAH Art & Creative Space,Jl. RSI Markandya II,Ubud,Gianyar,-8.4790324,115.255992,43,1601,Art cafe,https://www.google.com/maps/place/WYAH+Art+%26+Creative+Space/data=!4m7!3m6!1s0x2dd2230dbbd54f29:0xde0b2ffd47c1e26!8m2!3d-8.4790324!4d115.255992!16s%2Fg%2F11rs9yrbb7!19sChIJKU_Vuw0j0i0RJh581P-y4A0?authuser=0&hl=en&rclk=1
,Desa Kopi Bali,"Baru Baru, Kec. Marga, Kabupaten Tabanan, Bali 82191",Tabanan,Tabanan,-8.3995545,115.1789681,47,212,Espresso bar,https://www.google.com/maps/place/Desa+Kopi+Bali/data=!4m7!3m6!1s0x2dd22783e98763ed:0x6e93b407a5503c99!8m2!3d-8.3995545!4d115.1789681!16s%2Fg%2F11lg0dzy99!19sChIJ7WOH6YMn0i0RmTxQpQe0k24?authuser=0&hl=en&rclk=1
,Pubas Space,Jl. Sri Wedari No.70,Ubud,Gianyar,-8.4967636,115.2664522,47,1016,Restaurant,https://www.google.com/maps/place/Pubas+Space/data=!4m7!3m6!1s0x2dd23dc5b2a94d07:0x4476825040949f44!8m2!3d-8.4967636!4d115.2664522!16s%2Fg%2F11qqf5ynq_!19sChIJB02pssU90i0RRJ-UQFCCdkQ?authuser=0&hl=en&rclk=1
,Paperhills,Penelokan Main Rd,Bangli,Bangli,-8.2691285,115.3432578,45,2352,Coffee shop,https://www.google.com/maps/place/Paperhills/data=!4m7!3m6!1s0x2dd1f5882e4fcabf:0x35aed82ae2b88625!8m2!3d-8.2691285!4d115.3432578!16s%2Fg%2F11nmjpjpv9!19sChIJv8pPLoj10S0RJYa44irYrjU?authuser=0&hl=en&rclk=1
,Alchemy Bali,Jl. Penestanan Kelod No.75,Ubud,Gianyar,-8.5063939,115.2516442,43,2062,Vegan,https://www.google.com/maps/place/Alchemy+Bali/data=!4m7!3m6!1s0x2dd23d16291588f1:0xcbc854861108956e!8m2!3d-8.5063939!4d115.2516442!16s%2Fg%2F11b6p_8lg2!19sChIJ8YgVKRY90i0RbpUIEYZUyMs?authuser=0&hl=en&rclk=1
,Casa Balian Cafe,Jl. Pantai Balian,Tabanan,Tabanan,-8.5018342,114.9657988,48,92,Cafe,https://www.google.com/maps/place/Casa+Balian+Cafe/data=!4m7!3m6!1s0x2dd22d88e50a50bf:0x73b1278dd684fb05!8m2!3d-8.5018342!4d114.9657988!16s%2Fg%2F11c6qtk9xl!19sChIJv1AK5Ygt0i0RBfuE1o0nsXM?authuser=0&hl=en&rclk=1
,SUKSMA KOPI UBUD,Jl. Sukma Kesuma No.1,Ubud,Gianyar,-8.5100818,115.2689894,49,181,Coffee shop,https://www.google.com/maps/place/SUKSMA+KOPI+UBUD/data=!4m7!3m6!1s0x2dd23d6136961dbd:0xfb3fbe7f3d0d5ff5!8m2!3d-8.5100818!4d115.2689894!16s%2Fg%2F11tp6p37c3!19sChIJvR2WNmE90i0R9V8NPX--P_s?authuser=0&hl=en&rclk=1
,AKASA Specialty Coffee,Penelokan Main Rd No.777,Bangli,Bangli,-8.2796067,115.3575395,46,4845,Coffee shop,https://www.google.com/maps/place/AKASA+Specialty+Coffee/data=!4m7!3m6!1s0x2dd1f5e1984fef6b:0xa5be2accdf6b4ba8!8m2!3d-8.2796067!4d115.3575395!16s%2Fg%2F11h0_k_2r1!19sChIJa-9PmOH10S0RqEtr38wqvqU?authuser=0&hl=en&rclk=1
,Mahen Cafe,Penelokan Main Rd,Bangli,Bangli,-8.2812623,115.3621795,46,300,Cafe,https://www.google.com/maps/place/Mahen+Cafe/data=!4m7!3m6!1s0x2dd1f5501c41db5f:0x6ed8ca70f1c8d19b!8m2!3d-8.2812623!4d115.3621795!16s%2Fg%2F11qh26fbvk!19sChIJX9tBHFD10S0Rm9HI8XDK2G4?authuser=0&hl=en&rclk=1
,"Mr. Wayan, Coffee & Eatery","Br. Bentuyung, Jl. Suweta",Ubud,Gianyar,-8.4907656,115.2651606,48,573,Cafe,"https://www.google.com/maps/place/Mr.+Wayan,+Coffee+%26+Eatery/data=!4m7!3m6!1s0x2dd23d494511b715:0xc6cf27fe5f78d4d6!8m2!3d-8.4907656!4d115.2651606!16s%2Fg%2F11cjh_vz5g!19sChIJFbcRRUk90i0R1tR4X_4nz8Y?authuser=0&hl=en&rclk=1"
,Sisi Gege Restaurant,Jl. Raya Kintamani,Bangli,Bangli,-8.2601266,115.3368384,50,15,Coffee shop,https://www.google.com/maps/place/Sisi+Gege+Restaurant/data=!4m7!3m6!1s0x2dd1f5453ba1edcf:0x41a15e5b513cf557!8m2!3d-8.2601266!4d115.3368384!16s%2Fg%2F11pv5_8c24!19sChIJz-2hO0X10S0RV_U8UVteoUE?authuser=0&hl=en&rclk=1
,Alam Bali Agrowisata - Bali Kopi Luwak,"Jalan Raya Tegal Suci, Desa TegallalangTempat kopi plantation serta kafe casual",Ubud,Gianyar,-8.3327684,115.3224863,42,113,Coffee roasters,https://www.google.com/maps/place/Alam+Bali+Agrowisata+-+Bali+Kopi+Luwak/data=!4m7!3m6!1s0x2dd21fcefed31c07:0x14f220e7d2d8bfa5!8m2!3d-8.3327684!4d115.3224863!16s%2Fg%2F11b7hl7914!19sChIJBxzT_s4f0i0Rpb_Y0ucg8hQ?authuser=0&hl=en&rclk=1
,Cafe Tahu,"Km.37, Bedugul, Jl. Raya Denpasar",Tabanan,Tabanan,-8.3651791,115.1917814,43,998,Restaurant,https://www.google.com/maps/place/Cafe+Tahu/data=!4m7!3m6!1s0x2dd220d4660ced4b:0x5794916982d20da!8m2!3d-8.3651791!4d115.1917814!16s%2Fg%2F1hm5gwpbq!19sChIJS-0MZtQg0i0R2iAtmBZJeQU?authuser=0&hl=en&rclk=1
,MAMU Ubud Cafe Shisha,Jl. Made Lebah,Ubud,Gianyar,-8.5242037,115.2652373,44,646,Cafe,https://www.google.com/maps/place/MAMU+Ubud+Cafe+Shisha/data=!4m7!3m6!1s0x2dd23d5f3049ea63:0xd9ee356e710b0df7!8m2!3d-8.5242037!4d115.2652373!16s%2Fg%2F11fnwct8vf!19sChIJY-pJMF890i0R9w0LcW417tk?authuser=0&hl=en&rclk=1
,Kakiang Bakery & Cafe,Jl. Raya Pengosekan Ubud,Ubud,Gianyar,-8.519951,115.263175,45,1402,Cafe,https://www.google.com/maps/place/Kakiang+Bakery+%26+Cafe/data=!4m7!3m6!1s0x2dd23d7382f72f53:0x23637335f6964c26!8m2!3d-8.519951!4d115.263175!16s%2Fg%2F1hm28yzcd!19sChIJUy_3gnM90i0RJkyW9jVzYyM?authuser=0&hl=en&rclk=1
,Snow Jam Cafe - Ubud,Jl. Raya Sanggingan No.40,Ubud,Gianyar,-8.4978001,115.253104,48,551,Cafe,https://www.google.com/maps/place/Snow+Jam+Cafe+-+Ubud/data=!4m7!3m6!1s0x2dd23d9625626e5b:0xf020b46cab0d25f!8m2!3d-8.4978001!4d115.253104!16s%2Fg%2F11h1yfrlxd!19sChIJW25iJZY90i0RX9KwykYLAg8?authuser=0&hl=en&rclk=1
,Fuzion Cafe,Jl. Raya Lungsiakan,Ubud,Gianyar,32.2713279,-84.9992218,46,574,Cafe,https://www.google.com/maps/place/Fuzion+Cafe/data=!4m7!3m6!1s0x2dd23d332832009d:0xd3dc771926f6e252!8m2!3d-8.4864683!4d115.2515563!16s%2Fg%2F113gqmp2m!19sChIJnQAyKDM90i0RUuL2Jhl33NM?authuser=0&hl=en&rclk=1
,The Organic Farm & Cafe Bali,Angseri,Baturiti,Tabanan,40.011686,-104.1786879,46,98,Cafe,https://www.google.com/maps/place/The+Organic+Farm+%26+Cafe+Bali/data=!4m7!3m6!1s0x2dd22712a9a4a5a5:0xdb098c6110b184d2!8m2!3d-8.3519357!4d115.1532371!16s%2Fg%2F1hdzc18_8!19sChIJpaWkqRIn0i0R0oSxEGGMCds?authuser=0&hl=en&rclk=1
,Double Barrel Cafe,Jl. Silayukti,Manggis,Karangasem,47.4950535,-111.281438,45,37,Coffee shop,https://www.google.com/maps/place/Double+Barrel+Cafe/data=!4m7!3m6!1s0x2dd20e68685bf497:0xa53880c8ea2f23bc!8m2!3d-8.5299699!4d115.509063!16s%2Fg%2F11byzf3sds!19sChIJl_RbaGgO0i0RvCMv6siAOKU?authuser=0&hl=en&rclk=1
,A.R.A.K. Coffee,Jl. Raya Campuhan No.88,Ubud,Gianyar,-8.5040245,115.2532151,45,81,Cafe,https://www.google.com/maps/place/A.R.A.K.+Coffee/data=!4m7!3m6!1s0x2dd23d3ddb6a60f1:0xf42cba0c39d07149!8m2!3d-8.5040245!4d115.2532151!16s%2Fg%2F11gfdrr3jd!19sChIJ8WBq2z090i0RSXHQOQy6LPQ?authuser=0&hl=en&rclk=1
,Awake Cafe,Jl. Sukma Kesuma No.11A,Ubud,Gianyar,32.9610472,-96.8194411,47,257,Turkish,https://www.google.com/maps/place/Awake+Cafe/data=!4m7!3m6!1s0x2dd23d4d1a8a40af:0xcb8fe7fdf6ab18bc!8m2!3d-8.5113564!4d115.2686381!16s%2Fg%2F11fvb_j8z9!19sChIJr0CKGk090i0RvBir9v3nj8s?authuser=0&hl=en&rclk=1
,Café Sukka Baturiti,Jl. Raya Baturiti,Tabanan,Tabanan,-8.3267362,115.1861051,49,468,Cafe,https://www.google.com/maps/place/Caf%C3%A9+Sukka+Baturiti/data=!4m7!3m6!1s0x2dd189e437216271:0x8fe093ba4cdda58b!8m2!3d-8.3267362!4d115.1861051!16s%2Fg%2F11q1g8c9hv!19sChIJcWIhN-SJ0S0Ri6XdTLqT4I8?authuser=0&hl=en&rclk=1
,Kalos Bali,Jl. Gn. Sari,Ubud,Gianyar,-8.5094337,115.2753001,48,126,Cafe,https://www.google.com/maps/place/Kalos+Bali/data=!4m7!3m6!1s0x2dd23d6b3472ddab:0xb8f734b408d519c4!8m2!3d-8.5094337!4d115.2753001!16s%2Fg%2F11y1s83fkx!19sChIJq91yNGs90i0RxBnVCLQ097g?authuser=0&hl=en&rclk=1
,Double Fat Cafè,Jl. Tegal Sari No.3,Ubud,Gianyar,-8.5056778,115.2638856,47,108,Cafe,https://www.google.com/maps/place/Double+Fat+Caf%C3%A8/data=!4m7!3m6!1s0x2dd23db20d7e86d5:0xd210b0f389797747!8m2!3d-8.5056778!4d115.2638856!16s%2Fg%2F11j2c0ysyc!19sChIJ1YZ-DbI90i0RR3d5ifOwENI?authuser=0&hl=en&rclk=1
,Chris’ Café & Pool Bar,"Asli Bali Villa, Banjar Jelekungkang",Bangli,Bangli,38.3664443,-95.1274495,50,9,Espresso bar,https://www.google.com/maps/place/Chris%E2%80%99+Caf%C3%A9+%26+Pool+Bar/data=!4m7!3m6!1s0x2dd21708bae37d31:0x7705e74b0c7f7ed6!8m2!3d-8.4985917!4d115.3511525!16s%2Fg%2F11t5sfw3wj!19sChIJMX3juggX0i0R1n5_DEvnBXc?authuser=0&hl=en&rclk=1
,"Pison, Ubud",Jl. Hanoman No.10X,Ubud,Gianyar,-8.5182718,115.2636307,45,4158,Restaurant,"https://www.google.com/maps/place/Pison,+Ubud/data=!4m7!3m6!1s0x2dd23d7a21850c65:0x85cf8a5235a336aa!8m2!3d-8.5182718!4d115.2636307!16s%2Fg%2F11hdqwr36k!19sChIJZQyFIXo90i0RqjajNVKKz4U?authuser=0&hl=en&rclk=1"
,Folk Pool & Gardens,Jl. Monkey Forest,Ubud,Gianyar,-8.5139603,115.2605443,44,1606,Restaurant,https://www.google.com/maps/place/Folk+Pool+%26+Gardens/data=!4m7!3m6!1s0x2dd23d6d312ec233:0x1fa9dbb0c25060ab!8m2!3d-8.5139603!4d115.2605443!16s%2Fg%2F11cjj07gmw!19sChIJM8IuMW090i0Rq2BQwrDbqR8?authuser=0&hl=en&rclk=1
,Daily Baguette Ubud,Jl. Raya Ubud No.27,Ubud,Gianyar,-8.5058906,115.2599007,45,1498,Cafe,https://www.google.com/maps/place/Daily+Baguette+Ubud/data=!4m7!3m6!1s0x2dd23e10a957ee17:0x47d5c20d9f6607ec!8m2!3d-8.5058906!4d115.2599007!16s%2Fg%2F11bxf4448q!19sChIJF-5XqRA-0i0R7Admnw3C1Uc?authuser=0&hl=en&rclk=1
,Bun Bali Cafe,Jl. Goutama Sel.,Ubud,Gianyar,-8.5110008,115.2638498,48,181,Cafe,https://www.google.com/maps/place/Bun+Bali+Cafe/data=!4m7!3m6!1s0x2dd23d6c6f73fdbf:0xc9b79150e98bed69!8m2!3d-8.5110008!4d115.2638498!16s%2Fg%2F11dxdc4712!19sChIJv_1zb2w90i0Rae2L6VCRt8k?authuser=0&hl=en&rclk=1
,Ubud Fairy Village Café,"Kusuma, Jl. Sukma Kesuma No.31",Ubud,Gianyar,-8.513252,115.2679723,44,36,Children's museum,https://www.google.com/maps/place/Ubud+Fairy+Village+Caf%C3%A9/data=!4m7!3m6!1s0x2dd23dfeb834b061:0xa8efba1363c4e488!8m2!3d-8.513252!4d115.2679723!16s%2Fg%2F11jlhh5ybx!19sChIJYbA0uP490i0RiOTEYxO676g?authuser=0&hl=en&rclk=1
,Lumbini cafe,Jl. Raya Pengosekan Jl. Made Lebah No.7X,Ubud,Gianyar,22.5439903,88.285231,47,25,Cafe,https://www.google.com/maps/place/Lumbini+cafe/data=!4m7!3m6!1s0x2dd2231a7e36539b:0xa6def442b15d6e35!8m2!3d-8.5239892!4d115.2664817!16s%2Fg%2F11p010tv0h!19sChIJm1M2fhoj0i0RNW5dsUL03qY?authuser=0&hl=en&rclk=1
,STARBUCKS KINTAMANI BALI,"Central Batur, Kintamani, Bangli, Bali 80256",Bangli,Bangli,-8.2715199,115.3462054,46,558,Coffee shop,https://www.google.com/maps/place/STARBUCKS+KINTAMANI+BALI/data=!4m7!3m6!1s0x2dd1f5dcaba87a11:0xffe5fc7874121a93!8m2!3d-8.2715199!4d115.3462054!16s%2Fg%2F11ss9hz7d5!19sChIJEXqoq9z10S0RkxoSdHj85f8?authuser=0&hl=en&rclk=1
,Oneway Espresso,Jl. I Ketut Natih,Karangasem,Karangasem,-8.3338589,115.6394779,47,314,Coffee shop,https://www.google.com/maps/place/Oneway+Espresso/data=!4m7!3m6!1s0x2dd201d15f26d6d9:0x2dce09053aecfc6f!8m2!3d-8.3338589!4d115.6394779!16s%2Fg%2F11t756yptn!19sChIJ2dYmX9EB0i0Rb_zsOgUJzi0?authuser=0&hl=en&rclk=1
,T'dung Restaurant Pool & Bar,"Kenderan, Tegallalang, Gianyar, Bali 80552",Ubud,Gianyar,-8.4737548,115.285478,48,67,Cafe,https://www.google.com/maps/place/T%27dung+Restaurant+Pool+%26+Bar/data=!4m7!3m6!1s0x2dd2435cad2ada13:0x1bf5fef5b9a0c364!8m2!3d-8.4737548!4d115.285478!16s%2Fg%2F11knnf2t4v!19sChIJE9oqrVxD0i0RZMOgufX-9Rs?authuser=0&hl=en&rclk=1
,ATTALAS,Penelokan Main Rd,Bangli,Bangli,-8.2766475,115.3505086,44,146,Coffee shop,https://www.google.com/maps/place/ATTALAS/data=!4m7!3m6!1s0x2dd1f579afd7161f:0xc4036299583a290a!8m2!3d-8.2766475!4d115.3505086!16s%2Fg%2F11qg9ylm_5!19sChIJHxbXr3n10S0RCik6WJliA8Q?authuser=0&hl=en&rclk=1
,Milos Cafe Ubud,Jl. Raya Ubud No.51,Ubud,Gianyar,-8.508947,115.268965,47,208,Restaurant,https://www.google.com/maps/place/Milos+Cafe+Ubud/data=!4m7!3m6!1s0x2dd23d7f51258787:0x2efdb5fae14c7b1e!8m2!3d-8.508947!4d115.268965!16s%2Fg%2F11rv3tw745!19sChIJh4clUX890i0RHntM4fq1_S4?authuser=0&hl=en&rclk=1
,Matcha Cafe Bali,Jl. Pantai Berawa No.99,Kuta,Badung,-8.6604116,115.1395497,44,598,Cafe,https://www.google.com/maps/place/Matcha+Cafe+Bali/data=!4m7!3m6!1s0x2dd24782274743ff:0x7cb9088236314042!8m2!3d-8.6604116!4d115.1395497!16s%2Fg%2F11fy1n9xff!19sChIJ_0NHJ4JH0i0RQkAxNoIIuXw?authuser=0&hl=en&rclk=1
,Tutmak warung kopi,Jl. Dewisita No.Desa,Ubud,Gianyar,-8.5097688,115.2622033,40,463,Cafe,https://www.google.com/maps/place/Tutmak+warung+kopi/data=!4m7!3m6!1s0x2dd23d13562e31a5:0x8b444f2691fe8139!8m2!3d-8.5097688!4d115.2622033!16s%2Fg%2F11h03yywb!19sChIJpTEuVhM90i0ROYH-kSZPRIs?authuser=0&hl=en&rclk=1
,el lago,Penelokan Main Rd No.899,Batur Selatan,Bangli,42.455168,-87.825795,47,5177,Cafe,https://www.google.com/maps/place/el+lago/data=!4m7!3m6!1s0x2dd1f57ddc1f5c2f:0xd22074e770cf737d!8m2!3d-8.2674591!4d115.342025!16s%2Fg%2F11hhz7lpfx!19sChIJL1wf3H310S0RfXPPcOd0INI?authuser=0&hl=en&rclk=1